Normalized X,Normalized Y
0.10255772450172146,89.04109589041093
0.4103789601693041,89.04109589041093
0.752402555355507,89.04109589041093
0.8892119934299882,89.04109589041093
0.9918190719858491,89.04109589041093
1.1628308695789507,89.04109589041093
1.3338426671720522,89.04109589041093
1.5048544647651536,89.04109589041093
1.5390568242837739,89.04109589041093
1.5732591838023942,89.04109589041093
1.7442709813954955,89.04109589041093
2.599329969361003,89.04109589041093
2.701937047916864,89.04109589041093
3.0097582835844463,89.04109589041093
3.522793676363751,89.04109589041093
3.7280078334754734,89.04109589041093
3.8306149120313333,89.04109589041093
4.206840866736157,89.04109589041093
4.275245585773398,89.04109589041093
4.309447945292018,89.04109589041093
4.514662102403739,89.04109589041093
4.58306682144098,89.04109589041093
4.7540786190340825,89.04109589041093
4.788280978552701,89.04109589041093
4.856685697589943,89.04109589041093
4.890888057108563,89.04109589041093
5.027697495183044,89.04109589041093
5.0618998547016645,89.04109589041093
5.335518730850626,89.04109589041093
5.71174468555545,89.04109589041093
5.848554123629931,89.04109589041093
6.293184797371995,89.04109589041093
6.361589516409236,89.04109589041093
6.429994235446476,89.04109589041093
6.464196594965096,89.04109589041093
6.601006033039577,89.04109589041093
6.772017830632679,89.04109589041093
6.84042254966992,89.04109589041093
6.874624909188539,89.04109589041093
6.977231987744402,89.04109589041093
7.114041425818882,89.04109589041093
7.148243785337502,89.04109589041093
7.182446144856122,89.04109589041093
7.216648504374744,89.04109589041093
7.250850863893363,89.04109589041093
7.353457942449225,89.04109589041093
7.832290975709909,89.04109589041093
7.934898054265768,89.04109589041093
8.00330277330301,89.04109589041093
8.208516930414731,89.04109589041093
8.276921649451973,89.04109589041093
8.345326368489212,89.04109589041093
8.413731087526454,89.04109589041093
8.584742885119555,89.04109589041093
8.755754682712656,89.04109589041093
8.858361761268517,89.04109589041093
8.926766480305757,89.04109589041093
8.995171199342998,89.04109589041093
9.02937355886162,89.04109589041093
9.1661829969361,89.04109589041093
9.20038535645472,89.04109589041093
9.26879007549196,89.04109589041093
9.337194794529202,89.04109589041093
9.474004232603683,89.04109589041093
9.508206592122303,89.04109589041093
9.576611311159542,89.04109589041093
9.610813670678164,89.04109589041093
9.816027827789886,89.04109589041093
9.918634906345748,89.04109589041093
10.055444344420227,89.04109589041093
10.089646703938849,89.04109589041093
10.123849063457468,89.04109589041093
10.32906322056919,89.04109589041093
10.43167029912505,89.04109589041093
10.500075018162294,89.04109589041093
10.876300972867114,89.04109589041093
11.320931646609179,89.04109589041093
11.355134006127798,89.04109589041093
11.49194344420228,89.04109589041093
11.697157601314002,89.04109589041093
11.799764679869861,89.04109589041093
11.970776477462962,89.04109589041093
12.073383556018825,89.04109589041093
12.107585915537445,89.04109589041093
12.141788275056067,89.04109589041093
12.312800072649168,89.04109589041093
12.347002432167788,89.04109589041093
12.415407151205027,89.04109589041093
12.552216589279508,89.04109589041093
12.82583546542847,89.04109589041093
12.894240184465714,89.04109589041093
13.202061420133296,89.04109589041093
13.236263779651916,89.04109589041093
13.373073217726397,89.04109589041093
13.441477936763635,89.04109589041093
13.57828737483812,89.04109589041093
13.68089445339398,89.04109589041093
13.886108610505701,89.04109589041093
13.954513329542943,89.04109589041093
13.988715689061562,89.04109589041093
14.159727486654663,89.04109589041093
14.193929846173283,89.04109589041093
14.296536924729145,89.04109589041093
14.330739284247764,89.04109589041093
14.672762879433968,89.04109589041093
14.98058411510155,89.04109589041093
15.083191193657411,89.04109589041093
15.185798272213272,89.04109589041093
15.220000631731892,89.04109589041093
15.493619507880855,89.04109589041093
15.596226586436716,89.04109589041093
15.664631305473955,89.04109589041093
15.698833664992579,89.04109589041093
16.143464338734642,89.04109589041093
16.690702091032563,89.04109589041093
16.964320967181525,89.04109589041093
16.998523326700145,89.04109589041093
17.135332764774628,89.04109589041093
17.44315400044221,89.04109589041093
17.545761078998073,89.04109589041093
17.614165798035312,89.04109589041093
17.648368157553932,89.04109589041093
17.716772876591175,89.04109589041093
17.819379955147035,89.04109589041093
17.887784674184275,89.04109589041093
17.956189393221514,89.04109589041093
18.024594112258757,89.04109589041093
18.36661770744496,89.04109589041093
18.4350224264822,89.04109589041093
18.64023658359392,89.04109589041093
18.811248381187024,89.04109589041093
18.87965310022426,89.04109589041093
18.948057819261503,89.04109589041093
19.050664897817366,89.04109589041093
19.18747433589185,89.04109589041093
19.29008141444771,89.04109589041093
19.35848613348495,89.04109589041093
19.461093212040808,89.04109589041093
19.52949793107805,89.04109589041093
19.70050972867115,89.04109589041093
19.76891444770839,89.04109589041093
19.803116807227013,89.04109589041093
19.871521526264253,89.04109589041093
20.008330964338732,89.04109589041093
20.042533323857352,89.04109589041093
20.110938042894595,89.04109589041093
20.213545121450455,89.04109589041093
20.350354559524934,89.04109589041093
20.384556919043558,89.04109589041093
20.48716399759942,89.04109589041093
20.623973435673896,89.04109589041093
20.86338995230424,89.04109589041093
21.034401749897345,89.04109589041093
21.273818266527687,89.04109589041093
21.376425345083547,89.04109589041093
21.61584186171389,89.04109589041093
21.88946073786285,89.04109589041093
22.06047253545595,89.04109589041093
22.09467489497457,89.04109589041093
22.12887725449319,89.04109589041093
22.197281973530433,89.04109589041093
22.505103209198015,89.04109589041093
22.539305568716635,89.04109589041093
22.778722085346978,89.04109589041093
22.812924444865597,89.04109589041093
22.847126804384217,89.04109589041093
22.881329163902837,89.04109589041093
22.9839362424587,89.04109589041093
23.3259598376449,89.04109589041093
23.360162197163525,89.04109589041093
23.462769275719385,89.04109589041093
23.565376354275244,89.04109589041093
23.702185792349727,89.04109589041093
0.06835536498310117,116.43835616438355
0.13676008402034176,116.43835616438355
0.23936716257620264,116.43835616438355
0.3077718816134432,116.43835616438355
0.4103789601693041,116.43835616438355
0.7182001958368868,116.43835616438355
1.0602237910230898,116.43835616438355
1.3680450266906725,116.43835616438355
1.436449745727913,116.43835616438355
1.4706521052465333,116.43835616438355
1.5390568242837739,116.43835616438355
1.5732591838023942,116.43835616438355
1.7784733409141158,116.43835616438355
2.0862945765816985,116.43835616438355
2.1889016551375597,116.43835616438355
2.2231040146561796,116.43835616438355
2.5651276098423823,116.43835616438355
3.556996035882371,116.43835616438355
3.693805473956853,116.43835616438355
3.7622101929940928,116.43835616438355
3.8648172715499536,116.43835616438355
3.9674243501058153,116.43835616438355
4.035829069143055,116.43835616438355
4.206840866736157,116.43835616438355
4.343650304810638,116.43835616438355
4.514662102403739,116.43835616438355
4.617269180959601,116.43835616438355
4.65147154047822,116.43835616438355
4.890888057108563,116.43835616438355
5.027697495183044,116.43835616438355
5.369721090369247,116.43835616438355
5.472328168925108,116.43835616438355
5.71174468555545,116.43835616438355
5.848554123629931,116.43835616438355
6.293184797371995,116.43835616438355
6.498398954483717,116.43835616438355
6.601006033039577,116.43835616438355
6.772017830632679,116.43835616438355
7.0114343472630205,116.43835616438355
7.045636706781641,116.43835616438355
7.250850863893363,116.43835616438355
7.2850532234119845,116.43835616438355
7.421862661486466,116.43835616438355
7.456065021005085,116.43835616438355
7.524469740042326,116.43835616438355
7.763886256672668,116.43835616438355
7.934898054265768,116.43835616438355
8.03750513282163,116.43835616438355
8.311124008970593,116.43835616438355
8.413731087526454,116.43835616438355
8.618945244638175,116.43835616438355
8.755754682712656,116.43835616438355
9.405599513566441,116.43835616438355
9.439801873085061,116.43835616438355
9.576611311159542,116.43835616438355
9.816027827789886,116.43835616438355
9.918634906345748,116.43835616438355
10.26065850153195,116.43835616438355
10.29486086105057,116.43835616438355
10.32906322056919,116.43835616438355
10.671086815755395,116.43835616438355
10.807896253829876,116.43835616438355
10.910503332385735,116.43835616438355
11.149919849016076,116.43835616438355
11.184122208534697,116.43835616438355
11.218324568053317,116.43835616438355
11.252526927571939,116.43835616438355
11.38933636564642,116.43835616438355
11.42353872516504,116.43835616438355
11.49194344420228,116.43835616438355
11.66295524179538,116.43835616438355
11.731359960832624,116.43835616438355
11.765562320351243,116.43835616438355
12.175990634574687,116.43835616438355
12.244395353611925,116.43835616438355
12.483811870242269,116.43835616438355
12.518014229760887,116.43835616438355
12.552216589279508,116.43835616438355
12.82583546542847,116.43835616438355
12.894240184465714,116.43835616438355
13.304668498689153,116.43835616438355
13.338870858207777,116.43835616438355
13.68089445339398,116.43835616438355
13.886108610505701,116.43835616438355
14.228132205691905,116.43835616438355
14.364941643766386,116.43835616438355
14.501751081840867,116.43835616438355
14.570155800878107,116.43835616438355
14.638560519915348,116.43835616438355
14.877977036545689,116.43835616438355
14.91217939606431,116.43835616438355
14.98058411510155,116.43835616438355
15.151595912694651,116.43835616438355
15.288405350769132,116.43835616438355
15.527821867399474,116.43835616438355
15.733036024511197,116.43835616438355
15.904047822104298,116.43835616438355
16.10926197921602,116.43835616438355
16.143464338734642,116.43835616438355
16.21186905777188,116.43835616438355
16.28027377680912,116.43835616438355
16.314476136327745,116.43835616438355
16.38288085536498,116.43835616438355
16.4170832148836,116.43835616438355
16.656499731513943,116.43835616438355
17.135332764774628,116.43835616438355
17.20373748381187,116.43835616438355
17.477356359960833,116.43835616438355
17.545761078998073,116.43835616438355
17.614165798035312,116.43835616438355
17.648368157553932,116.43835616438355
17.716772876591175,116.43835616438355
17.819379955147035,116.43835616438355
17.956189393221514,116.43835616438355
18.024594112258757,116.43835616438355
18.36661770744496,116.43835616438355
18.503427145519442,116.43835616438355
18.64023658359392,116.43835616438355
18.777046021668404,116.43835616438355
18.87965310022426,116.43835616438355
18.948057819261503,116.43835616438355
19.050664897817366,116.43835616438355
19.153271976373222,116.43835616438355
19.18747433589185,116.43835616438355
19.29008141444771,116.43835616438355
19.35848613348495,116.43835616438355
19.426890852522188,116.43835616438355
19.52949793107805,116.43835616438355
19.76891444770839,116.43835616438355
19.803116807227013,116.43835616438355
19.871521526264253,116.43835616438355
20.110938042894595,116.43835616438355
20.213545121450455,116.43835616438355
20.316152200006314,116.43835616438355
20.418759278562177,116.43835616438355
20.623973435673896,116.43835616438355
20.794985233267003,116.43835616438355
20.82918759278562,116.43835616438355
20.86338995230424,116.43835616438355
21.034401749897345,116.43835616438355
21.273818266527687,116.43835616438355
21.410627704602167,116.43835616438355
21.444830064120783,116.43835616438355
21.61584186171389,116.43835616438355
21.68424658075113,116.43835616438355
21.71844894026975,116.43835616438355
21.75265129978837,116.43835616438355
21.78685365930699,116.43835616438355
22.197281973530433,116.43835616438355
22.334091411604913,116.43835616438355
22.368293771123533,116.43835616438355
22.505103209198015,116.43835616438355
22.539305568716635,116.43835616438355
22.710317366309734,116.43835616438355
23.189150399570423,116.43835616438355
23.291757478126282,116.43835616438355
23.496971635238005,116.43835616438355
23.702185792349727,116.43835616438355
0.4104274596077874,47.945205479452056
0.6156411894116811,47.945205479452056
0.8208549192155749,47.945205479452056
0.8892594958168727,47.945205479452056
0.9234617841175219,47.945205479452056
0.9576640724181706,47.945205479452056
0.9918663607188196,47.945205479452056
1.0602709373201176,47.945205479452056
1.1628778022220643,47.945205479452056
1.2996869554246604,47.945205479452056
1.3338892437253094,47.945205479452056
2.2915533161434802,47.945205479452056
2.6335761991499695,47.945205479452056
2.701980775751267,47.945205479452056
3.044003658757757,47.945205479452056
3.1124082353590548,47.945205479452056
3.24921738856165,47.945205479452056
3.2834196768622994,47.945205479452056
3.3176219651629486,47.945205479452056
3.351824253463597,47.945205479452056
3.4544311183655445,47.945205479452056
3.4886334066661933,47.945205479452056
3.625442559868789,47.945205479452056
4.446297479084365,47.945205479452056
4.788320362090853,47.945205479452056
4.9593318035940985,47.945205479452056
5.130343245097343,47.945205479452056
5.267152398299939,47.945205479452056
5.301354686600588,47.945205479452056
5.369759263201885,47.945205479452056
5.814389011110322,47.945205479452056
6.019602740914216,47.945205479452056
6.053805029214865,47.945205479452056
6.088007317515514,47.945205479452056
6.122209605816162,47.945205479452056
6.190614182417461,47.945205479452056
6.259018759018758,47.945205479452056
6.361625623920705,47.945205479452056
7.079873678234333,47.945205479452056
7.353491984639525,47.945205479452056
8.003335462351856,47.945205479452056
8.653178940064185,47.945205479452056
8.755785804966132,47.945205479452056
8.824190381567428,47.945205479452056
9.029404111371324,47.945205479452056
9.166213264573921,47.945205479452056
9.50823614758041,47.945205479452056
9.576640724181706,47.945205479452056
9.610843012482356,47.945205479452056
9.679247589083653,47.945205479452056
9.81605674228625,47.945205479452056
9.987068183789493,47.945205479452056
10.192281913593389,47.945205479452056
10.260686490194686,47.945205479452056
10.294888778495336,47.945205479452056
10.500102508299229,47.945205479452056
10.73951852640377,47.945205479452056
10.842125391305718,47.945205479452056
10.944732256207665,47.945205479452056
11.218350562612857,47.945205479452056
11.4577665807174,47.945205479452056
11.79978946372389,47.945205479452056
11.83399175202454,47.945205479452056
11.936598616926485,47.945205479452056
12.483835229736869,47.945205479452056
12.552239806338166,47.945205479452056
12.654846671240113,47.945205479452056
12.72325124784141,47.945205479452056
12.75745353614206,47.945205479452056
12.79165582444271,47.945205479452056
12.825858112743358,47.945205479452056
12.894262689344657,47.945205479452056
13.475701590455689,47.945205479452056
13.646713031958932,47.945205479452056
14.022938203266072,47.945205479452056
14.159747356468666,47.945205479452056
14.296556509671262,47.945205479452056
14.809590834180996,47.945205479452056
14.843793122481646,47.945205479452056
14.946399987383593,47.945205479452056
14.980602275684243,47.945205479452056
15.04900685228554,47.945205479452056
15.08320914058619,47.945205479452056
15.151613717187487,47.945205479452056
15.391029735292028,47.945205479452056
15.425232023592677,47.945205479452056
15.459434311893327,47.945205479452056
15.493636600193975,47.945205479452056
16.280289231108902,47.945205479452056
16.31449151940955,47.945205479452056
16.348693807710198,47.945205479452056
16.69071669071669,47.945205479452056
16.724918979017335,47.945205479452056
16.759121267317987,47.945205479452056
17.03273957372318,47.945205479452056
17.135346438625128,47.945205479452056
17.272155591827723,47.945205479452056
17.545773898232913,47.945205479452056
17.682583051435508,47.945205479452056
17.853594492938754,47.945205479452056
17.9562013578407,47.945205479452056
18.05880822274265,47.945205479452056
18.093010511043296,47.945205479452056
18.127212799343948,47.945205479452056
18.29822424084719,47.945205479452056
18.332426529147842,47.945205479452056
18.435033394049785,47.945205479452056
18.879663141958222,47.945205479452056
18.948067718559518,47.945205479452056
19.119079160062764,47.945205479452056
19.290090601566014,47.945205479452056
19.358495178167306,47.945205479452056
19.461102043069257,47.945205479452056
19.52950661967055,47.945205479452056
19.5637089079712,47.945205479452056
19.700518061173796,47.945205479452056
19.734720349474443,47.945205479452056
19.871529502677042,47.945205479452056
20.281956962284827,47.945205479452056
20.829193575095214,47.945205479452056
20.931800439997158,47.945205479452056
21.034407304899105,47.945205479452056
21.102811881500404,47.945205479452056
21.410632476206246,47.945205479452056
21.513239341108193,47.945205479452056
21.54744162940884,47.945205479452056
21.718453070912087,47.945205479452056
21.752655359212735,47.945205479452056
21.923666800715978,47.945205479452056
22.026273665617925,47.945205479452056
22.163082818820524,47.945205479452056
22.19728510712117,47.945205479452056
22.26568968372247,47.945205479452056
22.436701125225714,47.945205479452056
22.57351027842831,47.945205479452056
23.052342314637393,47.945205479452056
23.15494917953934,47.945205479452056
23.59957892744778,47.945205479452056
23.702185792349727,47.945205479452056
0.0,75.34246575342479
0.4104274596077874,75.34246575342479
0.6498434777123302,75.34246575342479
0.752450342614277,75.34246575342479
0.8892594958168727,75.34246575342479
0.9918663607188196,75.34246575342479
1.0602709373201176,75.34246575342479
1.0944732256207665,75.34246575342479
1.1628778022220643,75.34246575342479
1.3338892437253094,75.34246575342479
1.4706983969279048,75.34246575342479
1.607507550130501,75.34246575342479
1.7101144150324477,75.34246575342479
2.120541874640235,75.34246575342479
2.6335761991499695,75.34246575342479
2.701980775751267,75.34246575342479
2.907194505555161,75.34246575342479
3.044003658757757,75.34246575342479
3.146610523659704,75.34246575342479
3.1808128119603527,75.34246575342479
3.625442559868789,75.34246575342479
3.7964540013720334,75.34246575342479
4.2068814609798215,75.34246575342479
4.275286037581119,75.34246575342479
4.446297479084365,75.34246575342479
4.514702055685662,75.34246575342479
4.548904343986311,75.34246575342479
4.788320362090853,75.34246575342479
4.9593318035940985,75.34246575342479
5.027736380195396,75.34246575342479
5.061938668496045,75.34246575342479
5.403961551502534,75.34246575342479
5.540770704705131,75.34246575342479
5.7117821462083755,75.34246575342479
5.8485912994109714,75.34246575342479
6.293221047319408,75.34246575342479
6.361625623920705,75.34246575342479
6.4642324888226526,75.34246575342479
6.601041642025248,75.34246575342479
6.772053083528492,75.34246575342479
6.840457660129791,75.34246575342479
6.943064525031738,75.34246575342479
7.079873678234333,75.34246575342479
7.353491984639525,75.34246575342479
7.934930885750557,75.34246575342479
8.003335462351856,75.34246575342479
8.345358345358346,75.34246575342479
8.447965210260291,75.34246575342479
8.48216749856094,75.34246575342479
8.755785804966132,75.34246575342479
8.85839266986808,75.34246575342479
8.926797246469377,75.34246575342479
8.995201823070675,75.34246575342479
9.029404111371324,75.34246575342479
9.166213264573921,75.34246575342479
9.234617841175217,75.34246575342479
9.371426994377813,75.34246575342479
9.50823614758041,75.34246575342479
9.576640724181706,75.34246575342479
9.610843012482356,75.34246575342479
9.747652165684952,75.34246575342479
9.850259030586898,75.34246575342479
9.918663607188197,75.34246575342479
9.987068183789493,75.34246575342479
10.329091066795982,75.34246575342479
10.397495643397283,75.34246575342479
10.43169793169793,75.34246575342479
10.500102508299229,75.34246575342479
10.944732256207665,75.34246575342479
11.320957427514804,75.34246575342479
11.491968869018047,75.34246575342479
11.79978946372389,75.34246575342479
11.970800905227133,75.34246575342479
12.415430653135571,75.34246575342479
12.552239806338166,75.34246575342479
12.825858112743358,75.34246575342479
12.894262689344657,75.34246575342479
13.236285572351145,75.34246575342479
13.373094725553738,75.34246575342479
13.441499302155039,75.34246575342479
13.680915320259581,75.34246575342479
13.886129050063476,75.34246575342479
13.920331338364125,75.34246575342479
14.159747356468666,75.34246575342479
14.296556509671262,75.34246575342479
14.6727816809784,75.34246575342479
15.04900685228554,75.34246575342479
15.08320914058619,75.34246575342479
15.151613717187487,75.34246575342479
15.28842287039008,75.34246575342479
15.32262515869073,75.34246575342479
15.493636600193975,75.34246575342479
15.562041176795272,75.34246575342479
15.630445753396572,75.34246575342479
16.143480077906304,75.34246575342479
16.417098384311497,75.34246575342479
16.51970524921344,75.34246575342479
16.69071669071669,75.34246575342479
16.827525843919286,75.34246575342479
16.861728132219934,75.34246575342479
17.06694186202383,75.34246575342479
17.135346438625128,75.34246575342479
17.408964745030318,75.34246575342479
17.545773898232913,75.34246575342479
17.71678533973616,75.34246575342479
17.78518991633746,75.34246575342479
17.887796781239402,75.34246575342479
18.024605934441997,75.34246575342479
18.36662881744849,75.34246575342479
18.435033394049785,75.34246575342479
18.742853988755627,75.34246575342479
18.879663141958222,75.34246575342479
18.948067718559518,75.34246575342479
19.050674583461465,75.34246575342479
19.187483736664063,75.34246575342479
19.22168602496471,75.34246575342479
19.290090601566014,75.34246575342479
19.358495178167306,75.34246575342479
19.461102043069257,75.34246575342479
19.52950661967055,75.34246575342479
19.700518061173796,75.34246575342479
19.871529502677042,75.34246575342479
20.04254094418029,75.34246575342479
20.110945520781584,75.34246575342479
20.281956962284827,75.34246575342479
20.350361538886126,75.34246575342479
20.384563827186778,75.34246575342479
20.48717069208872,75.34246575342479
20.726586710193263,75.34246575342479
21.034407304899105,75.34246575342479
21.273823323003647,75.34246575342479
21.376430187905598,75.34246575342479
21.650048494310788,75.34246575342479
21.85526222411468,75.34246575342479
21.95786908901663,75.34246575342479
21.992071377317277,75.34246575342479
22.163082818820524,75.34246575342479
22.19728510712117,75.34246575342479
22.607712566728956,75.34246575342479
23.018140026336745,75.34246575342479
23.15494917953934,75.34246575342479
0.06830601092896176,130.13698630136992
0.1367110160766611,130.13698630136992
0.1709135186505108,130.13698630136992
0.23931852379821017,130.13698630136992
0.34192603151975925,130.13698630136992
0.4103310366674586,130.13698630136992
0.6155460521105567,130.13698630136992
0.7181535598321058,130.13698630136992
0.7523560624059554,130.13698630136992
1.0601785855706025,130.13698630136992
1.2311910984398509,130.13698630136992
1.4706086164567989,130.13698630136992
1.539013621604498,130.13698630136992
1.573216124178348,130.13698630136992
1.778431139621446,130.13698630136992
2.0520511602122435,130.13698630136992
2.1546586679337927,130.13698630136992
2.2230636730814917,130.13698630136992
2.325671180803041,130.13698630136992
2.565088698819989,130.13698630136992
2.633493703967688,130.13698630136992
3.55696127346163,130.13698630136992
3.693771283757028,130.13698630136992
3.7963787914785776,130.13698630136992
3.864783796626277,130.13698630136992
3.967391304347826,130.13698630136992
4.035796309495525,130.13698630136992
4.206808822364773,130.13698630136992
4.514631345529421,130.13698630136992
4.58303635067712,130.13698630136992
4.754048863546369,130.13698630136992
4.788251366120218,130.13698630136992
4.890858873841767,130.13698630136992
5.027668884137166,130.13698630136992
5.061871386711016,130.13698630136992
5.198681397006415,130.13698630136992
5.232883899580265,130.13698630136992
5.369693909875663,130.13698630136992
5.472301417597212,130.13698630136992
5.71171893561416,130.13698630136992
5.848528945909559,130.13698630136992
6.293161479369604,130.13698630136992
6.532578997386553,130.13698630136992
6.600984002534252,130.13698630136992
6.7719965154035,130.13698630136992
7.011414033420447,130.13698630136992
7.250831551437395,130.13698630136992
7.285034054011246,130.13698630136992
7.387641561732794,130.13698630136992
7.524451572028193,130.13698630136992
7.763869090045141,130.13698630136992
7.934881602914389,130.13698630136992
7.969084105488239,130.13698630136992
8.174299120931337,130.13698630136992
8.242704126079037,130.13698630136992
8.379514136374434,130.13698630136992
8.618931654391384,130.13698630136992
8.755741664686782,130.13698630136992
9.097766690425278,130.13698630136992
9.13196919299913,130.13698630136992
9.405589213589927,130.13698630136992
9.439791716163775,130.13698630136992
9.576601726459174,130.13698630136992
9.679209234180725,130.13698630136992
9.816019244476122,130.13698630136992
9.918626752197671,130.13698630136992
10.226449275362318,130.13698630136992
10.260651777936168,130.13698630136992
10.671081808822363,130.13698630136992
10.807891819117762,130.13698630136992
10.910499326839313,130.13698630136992
11.252524352577806,130.13698630136992
11.355131860299357,130.13698630136992
11.423536865447057,130.13698630136992
11.491941870594756,130.13698630136992
11.526144373168606,130.13698630136992
11.662954383464005,130.13698630136992
11.731359388611704,130.13698630136992
12.039181911776351,130.13698630136992
12.0733844143502,130.13698630136992
12.24439692721945,130.13698630136992
12.483814445236396,130.13698630136992
12.825839470974895,130.13698630136992
12.894244476122593,130.13698630136992
12.996851983844143,130.13698630136992
13.031054486417993,130.13698630136992
13.099459491565693,130.13698630136992
13.304674507008787,130.13698630136992
13.338877009582639,130.13698630136992
13.475687019878038,130.13698630136992
13.783509543042685,130.13698630136992
13.817712045616535,130.13698630136992
13.886117050764234,130.13698630136992
14.228142076502731,130.13698630136992
14.36495208679813,130.13698630136992
14.39915458937198,130.13698630136992
14.501762097093529,130.13698630136992
14.638572107388928,130.13698630136992
14.775382117684327,130.13698630136992
14.877989625405878,130.13698630136992
15.151609645996675,130.13698630136992
15.28841965629207,130.13698630136992
15.562039676882868,130.13698630136992
15.904064702621366,130.13698630136992
16.21188722578601,130.13698630136992
16.314494733507562,130.13698630136992
16.38289973865526,130.13698630136992
16.51970974895066,130.13698630136992
16.553912251524512,130.13698630136992
16.622317256672208,130.13698630136992
17.13535479527995,130.13698630136992
17.203759800427655,130.13698630136992
17.237962303001503,130.13698630136992
17.511582323592297,130.13698630136992
17.545784826166148,130.13698630136992
17.61418983131385,130.13698630136992
17.648392333887703,130.13698630136992
17.7167973390354,130.13698630136992
17.819404846756946,130.13698630136992
17.95621485705235,130.13698630136992
18.024619862200048,130.13698630136992
18.36664488793854,130.13698630136992
18.53765740080779,130.13698630136992
18.60606240595549,130.13698630136992
18.777074918824738,130.13698630136992
18.87968242654629,130.13698630136992
18.94808743169399,130.13698630136992
18.982289934267836,130.13698630136992
19.016492436841688,130.13698630136992
19.119099944563235,130.13698630136992
19.29011245743249,130.13698630136992
19.35851746258018,130.13698630136992
19.49532747287558,130.13698630136992
19.563732478023283,130.13698630136992
19.768947493466378,130.13698630136992
19.803149996040233,130.13698630136992
19.87155500118793,130.13698630136992
19.905757503761777,130.13698630136992
20.11097251920488,130.13698630136992
20.21358002692643,130.13698630136992
20.281985032074125,130.13698630136992
20.452997544943376,130.13698630136992
20.52140255009107,130.13698630136992
20.76082006810802,130.13698630136992
21.03444008869882,130.13698630136992
21.273857606715765,130.13698630136992
21.308060109289617,130.13698630136992
21.444870119585016,130.13698630136992
21.923705155618908,130.13698630136992
22.197325176209706,130.13698630136992
22.334135186505105,130.13698630136992
22.368337689078956,130.13698630136992
22.505147699374355,130.13698630136992
22.573552704522058,130.13698630136992
22.676160212243605,130.13698630136992
22.71036271481745,130.13698630136992
23.2234002534252,130.13698630136992
23.257602755999045,130.13698630136992
23.497020274016,130.13698630136992
0.06830601092896176,157.53424657534242
0.37613244176013805,157.53424657534242
0.4787412520371968,157.53424657534242
0.6155529990732752,157.53424657534242
0.6497559358322947,157.53424657534242
1.06019117694053,157.53424657534242
1.1970029239766082,157.53424657534242
1.5048293548077847,157.53424657534242
1.881061659157,157.53424657534242
1.9152645959160195,157.53424657534242
1.9494675326750395,157.53424657534242
2.0178734061930785,157.53424657534242
2.052076342952098,157.53424657534242
2.1204822164701373,157.53424657534242
2.2230910267471957,157.53424657534242
2.2914969002652352,157.53424657534242
2.462511584060333,157.53424657534242
2.530917457578372,157.53424657534242
2.5651203943373924,157.53424657534242
2.633526267855431,157.53424657534242
3.5570055603489603,157.53424657534242
3.6596143706260187,157.53424657534242
3.7964261176620973,157.53424657534242
3.9332378646981754,157.53424657534242
3.9674408014571947,157.53424657534242
4.035846674975234,157.53424657534242
4.2068613587703325,157.53424657534242
4.480484852842489,157.53424657534242
4.890920093950724,157.53424657534242
4.993528904227783,157.53424657534242
5.1987465247819,157.53424657534242
5.267152398299939,157.53424657534242
5.369761208576998,157.53424657534242
5.438167082095037,157.53424657534242
5.472370018854057,157.53424657534242
5.5749788291311155,157.53424657534242
5.609181765890136,157.53424657534242
5.643384702649155,157.53424657534242
5.745993512926213,157.53424657534242
6.3274434378295465,157.53424657534242
6.430052248106606,157.53424657534242
6.532661058383664,157.53424657534242
6.601066931901703,157.53424657534242
6.669472805419743,157.53424657534242
6.7036757421787625,157.53424657534242
6.943096299491899,157.53424657534242
7.182516856805036,157.53424657534242
7.250922730323076,157.53424657534242
7.285125667082096,157.53424657534242
7.353531540600135,157.53424657534242
7.558749161154251,157.53424657534242
7.76396678170837,157.53424657534242
8.105996149298566,157.53424657534242
8.242807896334643,157.53424657534242
8.277010833093664,157.53424657534242
8.345416706611704,157.53424657534242
8.61904020068386,157.53424657534242
8.721649010960919,157.53424657534242
8.926866631515036,157.53424657534242
8.995272505033075,157.53424657534242
9.097881315310135,157.53424657534242
9.166287188828173,157.53424657534242
9.37150480938229,157.53424657534242
9.439910682900331,157.53424657534242
9.576722429936407,157.53424657534242
10.021360607803663,157.53424657534242
10.22657822835778,157.53424657534242
10.671216406225033,157.53424657534242
10.739622279743074,157.53424657534242
10.910636963538172,157.53424657534242
11.01324577381523,157.53424657534242
11.252666331128369,157.53424657534242
11.321072204646407,157.53424657534242
11.423681014923465,157.53424657534242
11.560492761959544,157.53424657534242
11.594695698718564,157.53424657534242
11.731507445754643,157.53424657534242
11.902522129549741,157.53424657534242
12.039333876585818,157.53424657534242
12.07353681334484,157.53424657534242
12.210348560380917,157.53424657534242
12.312957370657974,157.53424657534242
12.449769117694053,157.53424657534242
12.826001422043271,157.53424657534242
12.894407295561308,157.53424657534242
12.92861023232033,157.53424657534242
13.065421979356406,157.53424657534242
13.099624916115427,157.53424657534242
13.304842536669542,157.53424657534242
13.339045473428564,157.53424657534242
13.47585722046464,157.53424657534242
13.715277777777779,157.53424657534242
13.7494807145368,157.53424657534242
14.228321829163072,157.53424657534242
14.262524765922095,157.53424657534242
14.433539449717191,157.53424657534242
14.707162943789346,157.53424657534242
15.1518011216566,157.53424657534242
15.288612868692681,157.53424657534242
15.52803342600582,157.53424657534242
15.664845173041893,157.53424657534242
15.801656920077972,157.53424657534242
15.904265730355032,157.53424657534242
16.17788922442719,157.53424657534242
16.314700971463267,157.53424657534242
16.383106844981306,157.53424657534242
16.554121528776406,157.53424657534242
16.622527402294445,157.53424657534242
17.135571453679738,157.53424657534242
17.203977327197777,157.53424657534242
17.374992010992877,157.53424657534242
17.443397884510915,157.53424657534242
17.580209631546992,157.53424657534242
17.819630188860128,157.53424657534242
17.95644193589621,157.53424657534242
18.024847809414247,157.53424657534242
18.53789186079954,157.53424657534242
18.57209479755856,157.53424657534242
18.743109481353656,157.53424657534242
18.77731241811268,157.53424657534242
18.879921228389737,157.53424657534242
19.085138848943853,157.53424657534242
19.290356469497972,157.53424657534242
19.35876234301601,157.53424657534242
19.392965279775034,157.53424657534242
19.56397996357013,157.53424657534242
19.700791710606207,157.53424657534242
19.803400520883265,157.53424657534242
20.111226951714443,157.53424657534242
20.2138357619915,157.53424657534242
20.28224163550954,157.53424657534242
20.45325631930464,157.53424657534242
20.521662192822674,157.53424657534242
20.590068066340713,157.53424657534242
20.65847393985876,157.53424657534242
20.692676876617774,157.53424657534242
20.761082750135813,157.53424657534242
21.03470624420797,157.53424657534242
21.137315054485033,157.53424657534242
21.23992386476209,157.53424657534242
21.376735611798168,157.53424657534242
21.51354735883425,157.53424657534242
21.581953232352287,157.53424657534242
21.9581855367015,157.53424657534242
22.197606094014635,157.53424657534242
22.266011967532677,157.53424657534242
22.368620777809735,157.53424657534242
22.437026651327777,157.53424657534242
22.608041335122874,157.53424657534242
22.881664829195028,157.53424657534242
22.915867765954047,157.53424657534242
23.01847657623111,157.53424657534242
23.46311475409836,157.53424657534242
0.06830601092896176,143.83561643835617
0.2051177579650401,143.83561643835617
0.37613244176013805,143.83561643835617
0.41033537851915763,143.83561643835617
0.6155529990732752,143.83561643835617
0.6497559358322947,143.83561643835617
1.06019117694053,143.83561643835617
1.470626418048765,143.83561643835617
1.5732352283258237,143.83561643835617
1.7784528488799412,143.83561643835617
1.812655785638961,143.83561643835617
1.8468587223979804,143.83561643835617
2.052076342952098,143.83561643835617
2.1204822164701373,143.83561643835617
2.2230910267471957,143.83561643835617
2.2914969002652352,143.83561643835617
2.5651203943373924,143.83561643835617
3.5570055603489603,143.83561643835617
3.693817307385038,143.83561643835617
3.7964261176620973,143.83561643835617
3.864831991180136,143.83561643835617
3.9674408014571947,143.83561643835617
4.035846674975234,143.83561643835617
4.2068613587703325,143.83561643835617
4.514687789601509,143.83561643835617
4.685702473396606,143.83561643835617
4.719905410155626,143.83561643835617
4.890920093950724,143.83561643835617
5.027731840986802,143.83561643835617
5.061934777745822,143.83561643835617
5.1987465247819,143.83561643835617
5.369761208576998,143.83561643835617
5.472370018854057,143.83561643835617
5.677587639408175,143.83561643835617
5.780196449685233,143.83561643835617
5.814399386444253,143.83561643835617
6.293240501070526,143.83561643835617
6.430052248106606,143.83561643835617
6.532661058383664,143.83561643835617
6.601066931901703,143.83561643835617
6.7036757421787625,143.83561643835617
6.97729923625092,143.83561643835617
7.114110983286998,143.83561643835617
7.148313920046016,143.83561643835617
7.250922730323076,143.83561643835617
7.285125667082096,143.83561643835617
7.558749161154251,143.83561643835617
7.76396678170837,143.83561643835617
8.071793212539546,143.83561643835617
8.242807896334643,143.83561643835617
8.277010833093664,143.83561643835617
8.345416706611704,143.83561643835617
8.61904020068386,143.83561643835617
8.755851947719938,143.83561643835617
8.961069568274056,143.83561643835617
9.097881315310135,143.83561643835617
9.268895999105233,143.83561643835617
9.303098935864252,143.83561643835617
9.439910682900331,143.83561643835617
9.576722429936407,143.83561643835617
9.713534176972487,143.83561643835617
9.747737113731505,143.83561643835617
9.781940050490524,143.83561643835617
9.918751797526603,143.83561643835617
9.952954734285623,143.83561643835617
9.987157671044644,143.83561643835617
10.021360607803663,143.83561643835617
10.22657822835778,143.83561643835617
10.637013469466016,143.83561643835617
10.671216406225033,143.83561643835617
10.773825216502093,143.83561643835617
10.910636963538172,143.83561643835617
11.252666331128369,143.83561643835617
11.321072204646407,143.83561643835617
11.423681014923465,143.83561643835617
11.560492761959544,143.83561643835617
11.628898635477585,143.83561643835617
11.731507445754643,143.83561643835617
12.039333876585818,143.83561643835617
12.07353681334484,143.83561643835617
12.244551497139938,143.83561643835617
12.347160307416996,143.83561643835617
12.483972054453073,143.83561643835617
12.826001422043271,143.83561643835617
12.894407295561308,143.83561643835617
12.962813169079347,143.83561643835617
13.065421979356406,143.83561643835617
13.304842536669542,143.83561643835617
13.339045473428564,143.83561643835617
13.47585722046464,143.83561643835617
13.68107484101876,143.83561643835617
13.852089524813858,143.83561643835617
14.228321829163072,143.83561643835617
14.399336512958168,143.83561643835617
14.604554133512288,143.83561643835617
14.638757070271307,143.83561643835617
14.707162943789346,143.83561643835617
14.741365880548365,143.83561643835617
14.809771754066405,143.83561643835617
14.843974690825426,143.83561643835617
15.1518011216566,143.83561643835617
15.288612868692681,143.83561643835617
15.596439299523857,143.83561643835617
15.630642236282878,143.83561643835617
15.664845173041893,143.83561643835617
15.801656920077972,143.83561643835617
15.904265730355032,143.83561643835617
16.21209216118621,143.83561643835617
16.314700971463267,143.83561643835617
16.383106844981306,143.83561643835617
16.451512718499348,143.83561643835617
16.485715655258364,143.83561643835617
16.554121528776406,143.83561643835617
16.622527402294445,143.83561643835617
17.135571453679738,143.83561643835617
17.203977327197777,143.83561643835617
17.238180263956796,143.83561643835617
17.374992010992877,143.83561643835617
17.409194947751892,143.83561643835617
17.61441256830601,143.83561643835617
17.682818441824054,143.83561643835617
17.717021378583073,143.83561643835617
17.819630188860128,143.83561643835617
17.95644193589621,143.83561643835617
18.024847809414247,143.83561643835617
18.366877177004444,143.83561643835617
18.53789186079954,143.83561643835617
18.77731241811268,143.83561643835617
18.879921228389737,143.83561643835617
19.085138848943853,143.83561643835617
19.290356469497972,143.83561643835617
19.35876234301601,143.83561643835617
19.392965279775034,143.83561643835617
19.56397996357013,143.83561643835617
19.734994647365227,143.83561643835617
19.803400520883265,143.83561643835617
20.111226951714443,143.83561643835617
20.2138357619915,143.83561643835617
20.28224163550954,143.83561643835617
20.45325631930464,143.83561643835617
20.521662192822674,143.83561643835617
20.590068066340713,143.83561643835617
20.692676876617774,143.83561643835617
20.761082750135813,143.83561643835617
21.03470624420797,143.83561643835617
21.171517991244052,143.83561643835617
21.205720928003068,143.83561643835617
21.410938548557187,143.83561643835617
21.479344422075226,143.83561643835617
21.581953232352287,143.83561643835617
21.9581855367015,143.83561643835617
22.197606094014635,143.83561643835617
22.266011967532677,143.83561643835617
22.300214904291696,143.83561643835617
22.368620777809735,143.83561643835617
22.471229588086793,143.83561643835617
22.57383839836385,143.83561643835617
22.71065014539993,143.83561643835617
22.915867765954047,143.83561643835617
22.950070702713067,143.83561643835617
22.98427363947209,143.83561643835617
23.01847657623111,143.83561643835617
23.46311475409836,143.83561643835617
0.0,61.64383561643842
0.41042831422344356,61.64383561643842
0.6498448308537856,61.64383561643842
0.7866542689282668,61.64383561643842
0.8892613474841277,61.64383561643842
0.9918684260399886,61.64383561643842
1.1628802236330902,61.64383561643842
1.4364990997820524,61.64383561643842
1.6417132568937742,61.64383561643842
1.6759156164123945,61.64383561643842
1.7101179759310148,61.64383561643842
2.1547486496730786,61.64383561643842
2.188951009191699,61.64383561643842
2.223153368710319,61.64383561643842
2.25735572822894,61.64383561643842
2.633581682933763,61.64383561643842
2.7019864019710034,61.64383561643842
2.8729981995641047,61.64383561643842
3.0440099971572065,61.64383561643842
3.112414716194447,61.64383561643842
3.215021794750308,61.64383561643842
3.5912477494551314,61.64383561643842
3.6254501089737516,61.64383561643842
3.7964619065668526,61.64383561643842
4.241092580308917,61.64383561643842
4.788330332606842,61.64383561643842
4.925139770681322,61.64383561643842
4.959342130199943,61.64383561643842
5.027746849237183,61.64383561643842
5.061949208755804,61.64383561643842
5.7459963991282095,61.64383561643842
5.78019875864683,61.64383561643842
5.882805837202691,61.64383561643842
5.951210556239931,61.64383561643842
6.122222353833034,61.64383561643842
6.190627072870273,61.64383561643842
6.293234151426135,61.64383561643842
6.361638870463375,61.64383561643842
6.498448308537856,61.64383561643842
6.532650668056476,61.64383561643842
6.566853027575097,61.64383561643842
6.601055387093717,61.64383561643842
6.772067184686819,61.64383561643842
6.806269544205438,61.64383561643842
7.079888420354401,61.64383561643842
7.353507296503363,61.64383561643842
7.900745048801287,61.64383561643842
7.934947408319909,61.64383561643842
8.00335212735715,61.64383561643842
8.379578082061972,61.64383561643842
8.516387520136453,61.64383561643842
8.687399317729556,61.64383561643842
8.755804036766795,61.64383561643842
8.824208755804037,61.64383561643842
8.961018193878518,61.64383561643842
9.02942291291576,61.64383561643842
9.16623235099024,61.64383561643842
9.405648867620581,61.64383561643842
9.439851227139203,61.64383561643842
9.508255946176442,61.64383561643842
9.576660665213684,61.64383561643842
9.610863024732303,61.64383561643842
9.713470103288163,61.64383561643842
9.781874822325404,61.64383561643842
9.884481900881266,61.64383561643842
9.918684260399885,61.64383561643842
9.987088979437125,61.64383561643842
10.158100777030226,61.64383561643842
10.192303136548848,61.64383561643842
10.36331493414195,61.64383561643842
10.500124372216431,61.64383561643842
10.910552686439875,61.64383561643842
10.944755045958496,61.64383561643842
11.252576281626078,61.64383561643842
11.286778641144696,61.64383561643842
11.35518336018194,61.64383561643842
11.491992798256419,61.64383561643842
11.799814033924003,61.64383561643842
11.868218752961242,61.64383561643842
11.970825831517104,61.64383561643842
12.415456505259167,61.64383561643842
12.449658864777788,61.64383561643842
12.552265943333648,61.64383561643842
12.82588481948261,61.64383561643842
12.894289538519851,61.64383561643842
13.270515493224675,61.64383561643842
13.646741447929497,61.64383561643842
13.680943807448118,61.64383561643842
14.02296740263432,61.64383561643842
14.159776840708801,61.64383561643842
14.296586278783282,61.64383561643842
14.67281223348811,61.64383561643842
15.04903818819293,61.64383561643842
15.08324054771155,61.64383561643842
15.151645266748792,61.64383561643842
15.356859423860511,61.64383561643842
15.493668861934992,61.64383561643842
15.562073580972235,61.64383561643842
16.14351369278878,61.64383561643842
16.1777160523074,61.64383561643842
16.382930209419122,61.64383561643842
16.45133492845636,61.64383561643842
16.48553728797498,61.64383561643842
16.553942007012225,61.64383561643842
16.690751445086704,61.64383561643842
16.793358523642567,61.64383561643842
16.930167961717046,61.64383561643842
17.032775040272906,61.64383561643842
17.13538211882877,61.64383561643842
17.306393916421868,61.64383561643842
17.34059627594049,61.64383561643842
17.37479863545911,61.64383561643842
17.54581043305221,61.64383561643842
17.751024590163937,61.64383561643842
17.853631668719792,61.64383561643842
17.956238747275655,61.64383561643842
18.0246434663129,61.64383561643842
18.43507178053634,61.64383561643842
18.84550009475978,61.64383561643842
18.879702454278405,61.64383561643842
18.948107173315645,61.64383561643842
19.084916611390124,61.64383561643842
19.119118970908744,61.64383561643842
19.290130768501847,61.64383561643842
19.358535487539086,61.64383561643842
19.46114256609495,61.64383561643842
19.52954728513219,61.64383561643842
19.700559082725288,61.64383561643842
19.871570880318394,61.64383561643842
19.939975599355634,61.64383561643842
19.97417795887425,61.64383561643842
20.076785037430113,61.64383561643842
20.110987396948733,61.64383561643842
20.281999194541832,61.64383561643842
20.7266298682839,61.64383561643842
20.897641665876996,61.64383561643842
21.034451103951483,61.64383561643842
21.102855822988722,61.64383561643842
21.137058182507342,61.64383561643842
21.171260542025962,61.64383561643842
21.205462901544582,61.64383561643842
21.239665261063205,61.64383561643842
21.273867620581825,61.64383561643842
21.376474699137685,61.64383561643842
21.547486496730787,61.64383561643842
21.82110537287975,61.64383561643842
21.855307732398373,61.64383561643842
21.92371245143561,61.64383561643842
22.02631952999147,61.64383561643842
22.163128968065955,61.64383561643842
22.197331327584575,61.64383561643842
22.26573604662181,61.64383561643842
22.29993840614043,61.64383561643842
22.402545484696294,61.64383561643842
22.436747844214917,61.64383561643842
22.573557282289393,61.64383561643842
22.607759641808016,61.64383561643842
22.9155808774756,61.64383561643842
22.949783236994218,61.64383561643842
23.01818795603146,61.64383561643842
23.15499739410594,61.64383561643842
23.462818629773523,61.64383561643842
23.633830427366625,61.64383561643842
0.03415300546448088,102.73972602739718
0.13676008402034176,102.73972602739718
0.4103789601693041,102.73972602739718
0.752402555355507,102.73972602739718
0.855009633911368,102.73972602739718
1.0260214315044696,102.73972602739718
1.5390568242837739,102.73972602739718
1.5732591838023942,102.73972602739718
1.7784733409141158,102.73972602739718
2.5651276098423823,102.73972602739718
2.599329969361003,102.73972602739718
2.975555924065826,102.73972602739718
3.556996035882371,102.73972602739718
3.693805473956853,102.73972602739718
3.7280078334754734,102.73972602739718
3.8648172715499536,102.73972602739718
4.206840866736157,102.73972602739718
4.309447945292018,102.73972602739718
4.377852664329258,102.73972602739718
4.412055023847879,102.73972602739718
4.446257383366499,102.73972602739718
4.514662102403739,102.73972602739718
4.617269180959601,102.73972602739718
4.856685697589943,102.73972602739718
4.890888057108563,102.73972602739718
5.027697495183044,102.73972602739718
5.369721090369247,102.73972602739718
5.71174468555545,102.73972602739718
5.848554123629931,102.73972602739718
6.293184797371995,102.73972602739718
6.361589516409236,102.73972602739718
6.601006033039577,102.73972602739718
6.772017830632679,102.73972602739718
7.250850863893363,102.73972602739718
7.353457942449225,102.73972602739718
7.421862661486466,102.73972602739718
7.763886256672668,102.73972602739718
7.798088616191288,102.73972602739718
7.832290975709909,102.73972602739718
7.934898054265768,102.73972602739718
8.00330277330301,102.73972602739718
8.174314570896112,102.73972602739718
8.345326368489212,102.73972602739718
8.413731087526454,102.73972602739718
8.618945244638175,102.73972602739718
8.755754682712656,102.73972602739718
8.858361761268517,102.73972602739718
8.892564120787139,102.73972602739718
8.926766480305757,102.73972602739718
8.995171199342998,102.73972602739718
9.02937355886162,102.73972602739718
9.576611311159542,102.73972602739718
9.645016030196786,102.73972602739718
9.816027827789886,102.73972602739718
9.918634906345748,102.73972602739718
10.32906322056919,102.73972602739718
10.636884456236771,102.73972602739718
10.705289175274013,102.73972602739718
10.807896253829876,102.73972602739718
10.842098613348494,102.73972602739718
10.910503332385735,102.73972602739718
11.115717489497458,102.73972602739718
11.49194344420228,102.73972602739718
11.66295524179538,102.73972602739718
11.799764679869861,102.73972602739718
11.970776477462962,102.73972602739718
12.039181196500206,102.73972602739718
12.073383556018825,102.73972602739718
12.141788275056067,102.73972602739718
12.278597713130548,102.73972602739718
12.415407151205027,102.73972602739718
12.552216589279508,102.73972602739718
12.82583546542847,102.73972602739718
12.894240184465714,102.73972602739718
13.099454341577434,102.73972602739718
13.304668498689153,102.73972602739718
13.407275577245018,102.73972602739718
13.441477936763635,102.73972602739718
13.509882655800878,102.73972602739718
13.5440850153195,102.73972602739718
13.886108610505701,102.73972602739718
14.228132205691905,102.73972602739718
14.672762879433968,102.73972602739718
14.877977036545689,102.73972602739718
14.98058411510155,102.73972602739718
15.117393553176031,102.73972602739718
15.288405350769132,102.73972602739718
15.493619507880855,102.73972602739718
15.698833664992579,102.73972602739718
15.972452541141537,102.73972602739718
16.006654900660163,102.73972602739718
16.0750596196974,102.73972602739718
16.143464338734642,102.73972602739718
16.21186905777188,102.73972602739718
16.2460714172905,102.73972602739718
16.690702091032563,102.73972602739718
17.135332764774628,102.73972602739718
17.20373748381187,102.73972602739718
17.23793984333049,102.73972602739718
17.44315400044221,102.73972602739718
17.545761078998073,102.73972602739718
17.614165798035312,102.73972602739718
17.648368157553932,102.73972602739718
17.716772876591175,102.73972602739718
17.819379955147035,102.73972602739718
17.956189393221514,102.73972602739718
18.024594112258757,102.73972602739718
18.36661770744496,102.73972602739718
18.4350224264822,102.73972602739718
18.469224786000822,102.73972602739718
18.64023658359392,102.73972602739718
18.87965310022426,102.73972602739718
18.948057819261503,102.73972602739718
19.050664897817366,102.73972602739718
19.18747433589185,102.73972602739718
19.29008141444771,102.73972602739718
19.35848613348495,102.73972602739718
19.461093212040808,102.73972602739718
19.52949793107805,102.73972602739718
19.66630736915253,102.73972602739718
19.70050972867115,102.73972602739718
19.76891444770839,102.73972602739718
19.803116807227013,102.73972602739718
19.871521526264253,102.73972602739718
20.110938042894595,102.73972602739718
20.213545121450455,102.73972602739718
20.350354559524934,102.73972602739718
20.384556919043558,102.73972602739718
20.48716399759942,102.73972602739718
20.623973435673896,102.73972602739718
20.86338995230424,102.73972602739718
21.034401749897345,102.73972602739718
21.273818266527687,102.73972602739718
21.342222985564927,102.73972602739718
21.61584186171389,102.73972602739718
22.197281973530433,102.73972602739718
22.368293771123533,102.73972602739718
22.505103209198015,102.73972602739718
22.539305568716635,102.73972602739718
22.607710287753875,102.73972602739718
22.778722085346978,102.73972602739718
22.847126804384217,102.73972602739718
23.1549480400518,102.73972602739718
23.291757478126282,102.73972602739718
23.42856691620076,102.73972602739718
23.531173994756625,102.73972602739718
23.599578713793864,102.73972602739718
23.633781073312488,102.73972602739718
23.702185792349727,102.73972602739718
0.06830601092896176,184.93150684931516
0.3077265682420989,184.93150684931516
0.4445383152781772,184.93150684931516
0.4787412520371968,184.93150684931516
0.6839588725913144,184.93150684931516
0.7865676828683731,184.93150684931516
1.06019117694053,184.93150684931516
1.0943941136995494,184.93150684931516
1.128597050458569,184.93150684931516
1.6074381650848433,184.93150684931516
1.6416411018438628,184.93150684931516
1.710046975361902,184.93150684931516
1.7784528488799412,184.93150684931516
1.8468587223979804,184.93150684931516
1.881061659157,184.93150684931516
2.1204822164701373,184.93150684931516
2.3256998370242545,184.93150684931516
2.633526267855431,184.93150684931516
3.5570055603489603,184.93150684931516
3.591208497107979,184.93150684931516
3.6254114338669994,184.93150684931516
3.830629054421117,184.93150684931516
4.035846674975234,184.93150684931516
4.2068613587703325,184.93150684931516
4.275267232288371,184.93150684931516
4.30947016904739,184.93150684931516
4.37787604256543,184.93150684931516
4.41207897932445,184.93150684931516
4.4462819160834695,184.93150684931516
5.1987465247819,184.93150684931516
5.267152398299939,184.93150684931516
5.540775892372096,184.93150684931516
5.643384702649155,184.93150684931516
6.361646374588567,184.93150684931516
6.430052248106606,184.93150684931516
6.532661058383664,184.93150684931516
6.806284552455821,184.93150684931516
6.84048748921484,184.93150684931516
6.90889336273288,184.93150684931516
7.182516856805036,184.93150684931516
7.3193286038411145,184.93150684931516
7.661357971431311,184.93150684931516
7.72976384494935,184.93150684931516
8.003387339021508,184.93150684931516
8.105996149298566,184.93150684931516
8.242807896334643,184.93150684931516
8.61904020068386,184.93150684931516
8.824257821237977,184.93150684931516
8.892663694756017,184.93150684931516
9.268895999105233,184.93150684931516
9.337301872623271,184.93150684931516
9.439910682900331,184.93150684931516
9.54251949317739,184.93150684931516
10.021360607803663,184.93150684931516
10.055563544562682,184.93150684931516
10.089766481321702,184.93150684931516
10.158172354839742,184.93150684931516
10.637013469466016,184.93150684931516
10.739622279743074,184.93150684931516
10.910636963538172,184.93150684931516
10.944839900297191,184.93150684931516
11.423681014923465,184.93150684931516
11.560492761959544,184.93150684931516
11.594695698718564,184.93150684931516
11.697304508995623,184.93150684931516
11.731507445754643,184.93150684931516
12.107739750103857,184.93150684931516
12.278754433898955,184.93150684931516
12.381363244176015,184.93150684931516
12.415566180935034,184.93150684931516
12.860204358802289,184.93150684931516
13.133827852874443,184.93150684931516
13.168030789633466,184.93150684931516
13.304842536669542,184.93150684931516
14.29672770268111,184.93150684931516
14.330930639440131,184.93150684931516
14.536148259994249,184.93150684931516
14.570351196753267,184.93150684931516
14.707162943789346,184.93150684931516
15.1518011216566,184.93150684931516
15.186004058415623,184.93150684931516
15.25440993193366,184.93150684931516
15.288612868692681,184.93150684931516
15.699048109800914,184.93150684931516
15.835859856836992,184.93150684931516
15.904265730355032,184.93150684931516
15.97267160387307,184.93150684931516
16.00687454063209,184.93150684931516
16.04107747739111,184.93150684931516
17.135571453679738,184.93150684931516
17.203977327197777,184.93150684931516
17.238180263956796,184.93150684931516
17.374992010992877,184.93150684931516
17.477600821269935,184.93150684931516
17.546006694787973,184.93150684931516
17.819630188860128,184.93150684931516
17.95644193589621,184.93150684931516
18.024847809414247,184.93150684931516
18.70890654459464,184.93150684931516
18.879921228389737,184.93150684931516
19.324559406256995,184.93150684931516
19.46137115329307,184.93150684931516
19.63238583708817,184.93150684931516
19.700791710606207,184.93150684931516
19.803400520883265,184.93150684931516
19.940212267919343,184.93150684931516
19.974415204678365,184.93150684931516
20.145429888473462,184.93150684931516
20.2138357619915,184.93150684931516
20.28224163550954,184.93150684931516
20.45325631930464,184.93150684931516
20.521662192822674,184.93150684931516
20.555865129581697,184.93150684931516
20.692676876617774,184.93150684931516
20.726879813376794,184.93150684931516
20.761082750135813,184.93150684931516
21.274126801521106,184.93150684931516
21.308329738280126,184.93150684931516
21.34253267503915,184.93150684931516
21.99238847346052,184.93150684931516
22.026591410219538,184.93150684931516
22.608041335122874,184.93150684931516
22.642244271881893,184.93150684931516
23.086882449749147,184.93150684931516
23.155288323267186,184.93150684931516
23.18949126002621,184.93150684931516
23.326303007062286,184.93150684931516
23.46311475409836,184.93150684931516
0.0,34.2465753424658
0.10260772323871611,34.2465753424658
0.41043089295486446,34.2465753424658
0.6156463394322967,34.2465753424658
0.8208617859097289,34.2465753424658
0.9576720835613504,34.2465753424658
0.9918746579742559,34.2465753424658
1.0602798068000665,34.2465753424658
1.1628875300387826,34.2465753424658
1.2996978276904043,34.2465753424658
2.633598229793714,34.2465753424658
2.7020033786195246,34.2465753424658
2.873016250684052,34.2465753424658
2.9756239739227675,34.2465753424658
3.044029122748578,34.2465753424658
3.351852292464727,34.2465753424658
3.454460015703443,34.2465753424658
3.625472887767969,34.2465753424658
4.480537248090604,34.2465753424658
4.583144971329321,34.2465753424658
4.617347545742225,34.2465753424658
4.788360417806752,34.2465753424658
4.925170715458374,34.2465753424658
4.959373289871279,34.2465753424658
5.0961835875229005,34.2465753424658
5.130386161935806,34.2465753424658
5.267196459587428,34.2465753424658
5.301399034000333,34.2465753424658
5.369804182826144,34.2465753424658
5.54081705489067,34.2465753424658
6.190665968735872,34.2465753424658
6.3616788408003995,34.2465753424658
7.079932903471413,34.2465753424658
7.353553498774655,34.2465753424658
7.490363796426276,34.2465753424658
7.524566370839183,34.2465753424658
7.558768945252088,34.2465753424658
8.003402412619858,34.2465753424658
8.379630731161816,34.2465753424658
8.550643603226343,34.2465753424658
8.65325132646506,34.2465753424658
8.790061624116682,34.2465753424658
9.029479645007019,34.2465753424658
9.166289942658642,34.2465753424658
9.508315686787693,34.2465753424658
9.576720835613504,34.2465753424658
9.61092341002641,34.2465753424658
9.850341430916748,34.2465753424658
9.987151728568369,34.2465753424658
10.226569749458706,34.2465753424658
10.534392919174856,34.2465753424658
10.94482381212972,34.2465753424658
11.115836684194246,34.2465753424658
11.218444407432962,34.2465753424658
11.355254705084585,34.2465753424658
11.731483023626545,34.2465753424658
11.799888172452354,34.2465753424658
11.83409074686526,34.2465753424658
11.90249589569107,34.2465753424658
12.483939660710462,34.2465753424658
12.552344809536272,34.2465753424658
12.586547383949176,34.2465753424658
12.620749958362081,34.2465753424658
12.654952532774988,34.2465753424658
12.894370553665324,34.2465753424658
13.646827190749244,34.2465753424658
13.715232339575053,34.2465753424658
13.74943491398796,34.2465753424658
14.057258083704108,34.2465753424658
14.12566323252992,34.2465753424658
14.159865806942825,34.2465753424658
14.296676104594445,34.2465753424658
14.741309571962216,34.2465753424658
14.809714720788028,34.2465753424658
14.878119869613837,34.2465753424658
14.912322444026744,34.2465753424658
14.980727592852553,34.2465753424658
15.049132741678365,34.2465753424658
15.08333531609127,34.2465753424658
15.15174046491708,34.2465753424658
15.220145613742892,34.2465753424658
15.425361060220325,34.2465753424658
15.562171357871946,34.2465753424658
16.280425420542958,34.2465753424658
16.62245116467201,34.2465753424658
16.964476908801064,34.2465753424658
16.998679483213973,34.2465753424658
17.135489780865594,34.2465753424658
17.272300078517215,34.2465753424658
17.545920673820454,34.2465753424658
17.716933545884984,34.2465753424658
17.853743843536606,34.2465753424658
17.990554141188227,34.2465753424658
18.161567013252753,34.2465753424658
18.298377310904375,34.2465753424658
18.435187608555996,34.2465753424658
18.87982107592377,34.2465753424658
18.948226224749575,34.2465753424658
19.119239096814102,34.2465753424658
19.290251968878632,34.2465753424658
19.358657117704443,34.2465753424658
19.46126484094316,34.2465753424658
19.666480287420594,34.2465753424658
19.871695733898022,34.2465753424658
19.974303457136738,34.2465753424658
20.282126626852886,34.2465753424658
20.453139498917412,34.2465753424658
20.692557519807753,34.2465753424658
20.76096266863356,34.2465753424658
20.863570391872276,34.2465753424658
20.93197554069809,34.2465753424658
20.966178115110992,34.2465753424658
21.034583263936803,34.2465753424658
21.102988412762617,34.2465753424658
21.445014156891666,34.2465753424658
21.479216731304575,34.2465753424658
21.51341930571748,34.2465753424658
21.54762188013039,34.2465753424658
21.787039901020723,34.2465753424658
21.923850198672344,34.2465753424658
22.060660496323965,34.2465753424658
22.16326821956268,34.2465753424658
22.265875942801397,34.2465753424658
22.436888814865924,34.2465753424658
22.57369911251755,34.2465753424658
23.086737728711128,34.2465753424658
23.120940303124033,34.2465753424658
0.4107387881851664,-6.849315068493183
0.47919525288269416,-6.849315068493183
0.8899340410678606,-6.849315068493183
1.0268469704629162,-6.849315068493183
1.1637598998579717,-6.849315068493183
2.395976264413471,-6.849315068493183
2.6355738908548183,-6.849315068493183
2.7040303555523457,-6.849315068493183
2.875171517296165,-6.849315068493183
2.9093997496449293,-6.849315068493183
2.943627981993693,-6.849315068493183
2.9778562143424563,-6.849315068493183
3.18322560843504,-6.849315068493183
3.217453840783804,-6.849315068493183
3.388595002527623,-6.849315068493183
3.5597361642714422,-6.849315068493183
3.62819262896897,-6.849315068493183
4.620811367083122,-6.849315068493183
4.689267831780651,-6.849315068493183
4.963093690570761,-6.849315068493183
5.100006619965817,-6.849315068493183
5.13423485231458,-6.849315068493183
5.168463084663344,-6.849315068493183
5.202691317012108,-6.849315068493183
5.3053760140584,-6.849315068493183
5.3738324787559275,-6.849315068493183
5.9214841963361495,-6.849315068493183
5.955712428684913,-6.849315068493183
6.058397125731204,-6.849315068493183
6.126853590428732,-6.849315068493183
7.359069954984232,-6.849315068493183
7.495982884379288,-6.849315068493183
7.598667581425578,-6.849315068493183
7.6671240461231065,-6.849315068493183
7.769808743169398,-6.849315068493183
7.804036975518162,-6.849315068493183
7.838265207866926,-6.849315068493183
7.906721672564454,-6.849315068493183
7.940949904913218,-6.849315068493183
8.385916925447148,-6.849315068493183
8.59128631953973,-6.849315068493183
9.549676825305118,-6.849315068493183
9.686589754700176,-6.849315068493183
9.857730916443993,-6.849315068493183
9.99464384583905,-6.849315068493183
10.336926169326688,-6.849315068493183
10.508067331070508,-6.849315068493183
10.987262583953202,-6.849315068493183
11.055719048650731,-6.849315068493183
11.774511927974771,-6.849315068493183
11.911424857369825,-6.849315068493183
12.73290243374016,-6.849315068493183
12.76713066608892,-6.849315068493183
12.801358898437687,-6.849315068493183
12.835587130786449,-6.849315068493183
13.520151777761729,-6.849315068493183
13.657064707156783,-6.849315068493183
13.691292939505548,-6.849315068493183
13.99934703064442,-6.849315068493183
14.204716424737004,-6.849315068493183
14.238944657085769,-6.849315068493183
14.273172889434532,-6.849315068493183
14.752368142317227,-6.849315068493183
14.786596374665992,-6.849315068493183
14.820824607014755,-6.849315068493183
15.128878698153631,-6.849315068493183
15.334248092246213,-6.849315068493183
15.368476324594976,-6.849315068493183
15.471161021641269,-6.849315068493183
15.505389253990032,-6.849315068493183
15.539617486338797,-6.849315068493183
0.13666180758017493,20.54794520547955
0.4102841370740334,20.54794520547955
0.5128925106342304,20.54794520547955
0.5470953018209626,20.54794520547955
0.581298093007695,20.54794520547955
0.820717631314821,20.54794520547955
0.9575287960617502,20.54794520547955
0.9917315872484825,20.54794520547955
1.1627455431821443,20.54794520547955
1.265353916742341,20.54794520547955
2.2914376523443103,20.54794520547955
2.633465564211633,20.54794520547955
2.701871146585098,20.54794520547955
2.7702767289585624,20.54794520547955
2.804479520145295,20.54794520547955
2.838682311332027,20.54794520547955
2.9412906848922242,20.54794520547955
2.9754934760789564,20.54794520547955
3.078101849639153,20.54794520547955
3.3517241791330115,20.54794520547955
3.454332552693209,20.54794520547955
3.62534650862687,20.54794520547955
3.7963604645605318,20.54794520547955
4.5146190794819105,20.54794520547955
4.548821870668642,20.54794520547955
4.617227453042108,20.54794520547955
4.7540386177890355,20.54794520547955
4.788241408975768,20.54794520547955
4.890849782535966,20.54794520547955
4.9592553649094295,20.54794520547955
5.096066529656359,20.54794520547955
5.130269320843092,20.54794520547955
5.2670804855900215,20.54794520547955
5.301283276776753,20.54794520547955
5.369688859150218,20.54794520547955
5.438094441523682,20.54794520547955
5.506500023897147,20.54794520547955
6.224758638818526,20.54794520547955
6.361569803565454,20.54794520547955
7.011422836113369,20.54794520547955
7.045625627300101,20.54794520547955
7.079828418486834,20.54794520547955
7.353450747980691,20.54794520547955
7.729681451034747,20.54794520547955
7.8664926157816755,20.54794520547955
8.003303780528604,20.54794520547955
8.379534483582662,20.54794520547955
8.653156813076519,20.54794520547955
9.063590307317305,20.54794520547955
9.166198680877503,20.54794520547955
9.508226592744826,20.54794520547955
9.576632175118291,20.54794520547955
9.610834966305024,20.54794520547955
9.85025450461215,20.54794520547955
9.987065669359078,20.54794520547955
10.329093581226402,20.54794520547955
10.4317019547866,20.54794520547955
10.465904745973331,20.54794520547955
10.534310328346795,20.54794520547955
10.944743822587583,20.54794520547955
11.389380108015104,20.54794520547955
11.423582899201836,20.54794520547955
11.731408019882428,20.54794520547955
11.902421975816086,20.54794520547955
11.970827558189553,20.54794520547955
12.483869425990536,20.54794520547955
12.860100129044593,20.54794520547955
13.475750370405773,20.54794520547955
13.509953161592508,20.54794520547955
13.578358743965971,20.54794520547955
13.612561535152704,20.54794520547955
13.715169908712902,20.54794520547955
13.749372699899634,20.54794520547955
13.783575491086363,20.54794520547955
13.817778282273096,20.54794520547955
13.851981073459829,20.54794520547955
14.057197820580223,20.54794520547955
14.091400611766955,20.54794520547955
14.296617358887351,20.54794520547955
14.74125364431487,20.54794520547955
14.809659226688336,20.54794520547955
14.980673182621995,20.54794520547955
15.04907876499546,20.54794520547955
15.083281556182193,20.54794520547955
15.254295512115853,20.54794520547955
15.562120632796445,20.54794520547955
16.21197366534436,20.54794520547955
16.246176456531092,20.54794520547955
16.28037924771782,20.54794520547955
16.656609950771877,20.54794520547955
16.96443507145247,20.54794520547955
17.06704344501267,20.54794520547955
17.135449027386134,20.54794520547955
17.27226019213306,20.54794520547955
17.545882521626922,20.54794520547955
17.71689647756058,20.54794520547955
17.85370764230751,20.54794520547955
17.990518807054436,20.54794520547955
18.19573555417483,20.54794520547955
18.29834392773503,20.54794520547955
18.43515509248196,20.54794520547955
18.948196960282942,20.54794520547955
19.119210916216606,20.54794520547955
19.256022080963533,20.54794520547955
19.35863045452373,20.54794520547955
19.46123882808393,20.54794520547955
19.76906394876452,20.54794520547955
19.837469531137984,20.54794520547955
20.316308607752237,20.54794520547955
20.41891698131243,20.54794520547955
20.863553266739952,20.54794520547955
21.000364431486883,20.54794520547955
21.034567222673616,20.54794520547955
21.102972805047077,20.54794520547955
21.547609090474598,20.54794520547955
21.684420255221525,20.54794520547955
21.787028628781723,20.54794520547955
21.92383979352865,20.54794520547955
22.231664914209244,20.54794520547955
22.43688166132964,20.54794520547955
22.57369282607657,20.54794520547955
23.462965396931608,20.54794520547955
23.565573770491806,20.54794520547955
0.06830601092896176,171.2328767123288
0.2735236314830793,171.2328767123288
0.3077265682420989,171.2328767123288
0.37613244176013805,171.2328767123288
0.4787412520371968,171.2328767123288
0.5813500623142556,171.2328767123288
0.6497559358322947,171.2328767123288
0.8207706196273928,171.2328767123288
1.06019117694053,171.2328767123288
1.128597050458569,171.2328767123288
1.8468587223979804,171.2328767123288
2.1204822164701373,171.2328767123288
2.3256998370242545,171.2328767123288
2.5651203943373924,171.2328767123288
3.5570055603489603,171.2328767123288
3.7964261176620973,171.2328767123288
3.9674408014571947,171.2328767123288
4.035846674975234,171.2328767123288
4.2068613587703325,171.2328767123288
4.4462819160834695,171.2328767123288
4.925123030709743,171.2328767123288
4.9593259674687635,171.2328767123288
5.061934777745822,171.2328767123288
5.1987465247819,171.2328767123288
5.506572955613077,171.2328767123288
5.609181765890136,171.2328767123288
6.361646374588567,171.2328767123288
6.430052248106606,171.2328767123288
6.532661058383664,171.2328767123288
6.601066931901703,171.2328767123288
6.635269868660723,171.2328767123288
6.943096299491899,171.2328767123288
7.182516856805036,171.2328767123288
7.353531540600135,171.2328767123288
7.592952097913272,171.2328767123288
7.627155034672292,171.2328767123288
7.76396678170837,171.2328767123288
8.105996149298566,171.2328767123288
8.140199086057585,171.2328767123288
8.242807896334643,171.2328767123288
8.61904020068386,171.2328767123288
8.926866631515036,171.2328767123288
9.029475441792094,171.2328767123288
9.063678378551113,171.2328767123288
9.23469306234621,171.2328767123288
9.337301872623271,171.2328767123288
9.439910682900331,171.2328767123288
9.576722429936407,171.2328767123288
10.021360607803663,171.2328767123288
10.192375291598761,171.2328767123288
10.671216406225033,171.2328767123288
10.739622279743074,171.2328767123288
10.979042837056213,171.2328767123288
11.423681014923465,171.2328767123288
11.560492761959544,171.2328767123288
11.594695698718564,171.2328767123288
11.731507445754643,171.2328767123288
11.936725066308759,171.2328767123288
11.970928003067778,171.2328767123288
12.312957370657974,171.2328767123288
12.347160307416996,171.2328767123288
12.826001422043271,171.2328767123288
12.92861023232033,171.2328767123288
13.304842536669542,171.2328767123288
13.373248410187582,171.2328767123288
13.407451346946603,171.2328767123288
14.262524765922095,171.2328767123288
14.707162943789346,171.2328767123288
15.1518011216566,171.2328767123288
15.288612868692681,171.2328767123288
15.664845173041893,171.2328767123288
15.801656920077972,171.2328767123288
15.904265730355032,171.2328767123288
16.075280414150132,171.2328767123288
16.10948335090915,171.2328767123288
16.143686287668167,171.2328767123288
17.135571453679738,171.2328767123288
17.203977327197777,171.2328767123288
17.238180263956796,171.2328767123288
17.374992010992877,171.2328767123288
17.477600821269935,171.2328767123288
17.546006694787973,171.2328767123288
17.819630188860128,171.2328767123288
17.95644193589621,171.2328767123288
18.024847809414247,171.2328767123288
18.366877177004444,171.2328767123288
18.70890654459464,171.2328767123288
18.879921228389737,171.2328767123288
19.290356469497972,171.2328767123288
19.598182900329146,171.2328767123288
19.700791710606207,171.2328767123288
19.803400520883265,171.2328767123288
20.111226951714443,171.2328767123288
20.2138357619915,171.2328767123288
20.28224163550954,171.2328767123288
20.384850445786597,171.2328767123288
20.45325631930464,171.2328767123288
20.521662192822674,171.2328767123288
20.65847393985876,171.2328767123288
20.692676876617774,171.2328767123288
20.761082750135813,171.2328767123288
21.06890918096699,171.2328767123288
21.10311211772601,171.2328767123288
21.274126801521106,171.2328767123288
21.34253267503915,171.2328767123288
21.9581855367015,171.2328767123288
22.608041335122874,171.2328767123288
22.81325895567699,171.2328767123288
22.847461892436012,171.2328767123288
23.086882449749147,171.2328767123288
23.46311475409836,171.2328767123288
3.859289617486339,198.6301369863014
4.030403857543554,198.6301369863014
4.133072401577883,198.6301369863014
4.2699637936236545,198.6301369863014
4.338409489646541,198.6301369863014
5.057089297886844,198.6301369863014
5.159757841921174,198.6301369863014
5.193980689932616,198.6301369863014
5.536209170047046,198.6301369863014
6.357557522321679,198.6301369863014
6.426003218344564,198.6301369863014
6.5286717623788935,198.6301369863014
6.768231698458995,198.6301369863014
7.17890587459631,198.6301369863014
7.931808530848057,198.6301369863014
8.034477074882385,198.6301369863014
8.102922770905272,198.6301369863014
8.239814162951044,198.6301369863014
8.65048833908836,198.6301369863014
8.753156883122688,198.6301369863014
8.855825427157017,198.6301369863014
9.266499603294335,198.6301369863014
9.334945299317218,198.6301369863014
9.43761384335155,198.6301369863014
9.506059539374435,198.6301369863014
9.985179411534638,198.6301369863014
10.566967827729169,198.6301369863014
10.738082067786383,198.6301369863014
11.422539028015242,198.6301369863014
11.935881748186887,198.6301369863014
12.004327444209775,198.6301369863014
12.106995988244101,198.6301369863014
12.175441684266989,198.6301369863014
12.243887380289875,198.6301369863014
12.894121492507294,198.6301369863014
13.133681428587392,198.6301369863014
13.167904276598835,198.6301369863014
13.270572820633165,198.6301369863014
14.331481108987898,198.6301369863014
14.571041045068,198.6301369863014
14.67370958910233,198.6301369863014
15.768840725468506,198.6301369863014
15.871509269502834,198.6301369863014
15.905732117514276,198.6301369863014
15.974177813537164,198.6301369863014
17.10353179791478,198.6301369863014
17.20620034194911,198.6301369863014
17.240423189960556,198.6301369863014
17.377314582006324,198.6301369863014
17.479983126040654,198.6301369863014
17.548428822063542,198.6301369863014
17.822211606155083,198.6301369863014
17.95910299820086,198.6301369863014
18.027548694223743,198.6301369863014
18.369777174338175,198.6301369863014
18.4724457183725,198.6301369863014
18.712005654452604,198.6301369863014
18.88311989450982,198.6301369863014
18.985788438544144,198.6301369863014
19.36223976667002,198.6301369863014
19.430685462692903,198.6301369863014
19.636022550761567,198.6301369863014
19.704468246784447,198.6301369863014
19.978251030875995,198.6301369863014
20.08091957491032,198.6301369863014
20.18358811894465,198.6301369863014
20.217810966956097,198.6301369863014
20.286256662978982,198.6301369863014
20.457370903036196,198.6301369863014
20.52581659905908,198.6301369863014
0.10245901639344263,6.849315068493183
0.13668774914276713,6.849315068493183
0.4105176111373632,6.849315068493183
0.47897507663601224,6.849315068493183
0.8212624041292573,6.849315068493183
0.8554911368785818,6.849315068493183
1.060863533374529,6.849315068493183
1.1635497316225023,6.849315068493183
2.3957841105981847,6.849315068493183
2.6353852398434565,6.849315068493183
2.7038427053421055,6.849315068493183
2.73807143809143,6.849315068493183
2.9434438345873772,6.849315068493183
2.9776725673367017,6.849315068493183
3.1830449638326486,6.849315068493183
3.217273696581973,6.849315068493183
3.354188627579271,6.849315068493183
3.4226460930779203,6.849315068493183
3.628018489573867,6.849315068493183
3.7649334205711655,6.849315068493183
4.620651739304278,6.849315068493183
4.723337937552252,6.849315068493183
4.826024135800226,6.849315068493183
4.9629390667975235,6.849315068493183
5.099853997794821,6.849315068493183
5.134082730544145,6.849315068493183
5.236768928792119,6.849315068493183
5.305226394290768,6.849315068493183
5.373683859789417,6.849315068493183
5.476370058037391,6.849315068493183
5.92134358377861,6.849315068493183
6.1609447130238815,6.849315068493183
6.332088376770504,6.849315068493183
7.358950359250239,6.849315068493183
7.495865290247537,6.849315068493183
7.701237686743485,6.849315068493183
7.735466419492809,6.849315068493183
7.838152617740782,6.849315068493183
7.872381350490107,6.849315068493183
8.625413470975246,6.849315068493183
9.104615729465788,6.849315068493183
9.138844462215113,6.849315068493183
9.515360522457685,6.849315068493183
9.85764784995093,6.849315068493183
9.994562780948227,6.849315068493183
10.47376503943877,6.849315068493183
10.952967297929312,6.849315068493183
11.226797159923908,6.849315068493183
11.774456883913102,6.849315068493183
11.9113718149104,6.849315068493183
12.493260271648916,6.849315068493183
12.527489004398241,6.849315068493183
12.561717737147566,6.849315068493183
12.59594646989689,6.849315068493183
12.83554759914216,6.849315068493183
13.520122254128653,6.849315068493183
13.725494650624597,6.849315068493183
13.89663831437122,6.849315068493183
13.930867047120547,6.849315068493183
13.965095779869868,6.849315068493183
13.999324512619193,6.849315068493183
14.307383107363117,6.849315068493183
14.752356633104332,6.849315068493183
14.820814098602982,6.849315068493183
14.991957762349607,6.849315068493183
15.163101426096226,6.849315068493183
15.300016357093526,6.849315068493183
15.334245089842852,6.849315068493183
9.838119889888656,-33.42259758986512
9.975759069805662,-33.01060871356475
10.42308640453593,-31.671644865588576
10.491905994494433,-31.465650427438447
11.076872509141706,-29.714697703161903
11.214511689058712,-29.302708826861704
11.765068408726735,-27.654753321660223
11.902707588643741,-27.242764445360024
12.659723078187271,-24.97682562570816
12.728542668145773,-24.77083118755786
13.55437774764781,-22.298897929755924
13.65760713258556,-21.98990627253073
14.001705082378077,-20.959934081779863
3.859289617486339,212.32876712328766
3.8936574217273265,212.32876712328766
4.031128638691274,212.32876712328766
4.1342320514142346,212.32876712328766
4.271703268378183,212.32876712328766
5.165266178643846,212.32876712328766
5.543312025294704,212.32876712328766
6.368139327078392,212.32876712328766
6.402507131319379,212.32876712328766
6.574346152524316,212.32876712328766
6.6087139567653015,212.32876712328766
6.6430817610062896,212.32876712328766
6.780552977970237,212.32876712328766
7.192966628862083,212.32876712328766
8.05216173488676,212.32876712328766
8.120897343368732,212.32876712328766
8.15526514760972,212.32876712328766
8.25836856033268,212.32876712328766
8.705150015465511,212.32876712328766
8.7395178197065,212.32876712328766
8.773885623947486,212.32876712328766
9.289402687562292,212.32876712328766
9.323770491803279,212.32876712328766
3.927811786677734,226.02739726027403
4.030919277858477,226.02739726027403
4.13402676903922,226.02739726027403
4.2027650964930485,226.02739726027403
4.237134260219962,226.02739726027403
5.543162481842707,226.02739726027403
6.746083212284707,226.02739726027403
8.052111433907449,226.02739726027403
8.223957252542021,226.02739726027403
9.289401328076364,226.02739726027403
9.323770491803279,226.02739726027403
0.0,-20.547945205479436
0.4111753991213972,-20.547945205479436
0.47970463230829674,-20.547945205479436
0.8908800314296939,-20.547945205479436
1.1649969641772921,-20.547945205479436
2.2957293117611344,-20.547945205479436
2.364258544948034,-20.547945205479436
2.638375477695632,-20.547945205479436
2.7069047108825317,-20.547945205479436
2.741169327475981,-20.547945205479436
2.843963177256331,-20.547945205479436
3.0152862602235797,-20.547945205479436
3.2208739597842775,-20.547945205479436
3.357932426158077,-20.547945205479436
3.392197042751527,-20.547945205479436
3.529255509125326,-20.547945205479436
3.6663139754991256,-20.547945205479436
3.7005785920925747,-20.547945205479436
3.734843208686024,-20.547945205479436
4.625723240115718,-20.547945205479436
4.694252473302618,-20.547945205479436
5.002634022643666,-20.547945205479436
5.1054278724240145,-20.547945205479436
5.311015571984714,-20.547945205479436
5.379544805171613,-20.547945205479436
5.962043287260259,-20.547945205479436
6.030572520447159,-20.547945205479436
6.201895603414408,-20.547945205479436
7.3668925675917,-20.547945205479436
7.503951033965499,-20.547945205479436
8.394831065395191,-20.547945205479436
8.497624915175543,-20.547945205479436
8.531889531768993,-20.547945205479436
8.600418764955892,-20.547945205479436
9.868209578913532,-20.547945205479436
10.005268045287332,-20.547945205479436
10.450708061002178,-20.547945205479436
10.484972677595628,-20.547945205479436
22.644927536231883,198.6301369863014
22.75184129246852,198.6301369863014
23.17949631741506,198.6301369863014
23.2864100736517,198.6301369863014
13.558743169398907,-34.2465753424658
13.595173041894354,-34.2465753424658
13.631602914389799,-34.2465753424658
13.995901639344263,-34.2465753424658
14.03233151183971,-34.2465753424658
14.068761384335154,-34.2465753424658
14.1051912568306,-34.2465753424658
1.8101092896174862,253.42465753424653
1.9179608858211101,253.42465753424653
2.3493672706356055,253.42465753424653
2.4931693989071038,253.42465753424653
